Sample ID,Latitude,Longitude,mtDNA Ance,Dist.to.HZcenter,Region,TotalClineDist,ClineCenterLoc,ScaledClineLocation,mtDNA
S19-5730,38.5553,-121.6728,nonnative,2.913262295,SacramentoValley,631.78,421.85,0.672327808,0
S19-5733,38.5552,-121.6728,native SVRF,2.914764567,SacramentoValley,631.78,421.85,0.672330185,1
S09-0367,38.4165,-121.8174,native SVRF,3.413403653,SacramentoValley,631.78,421.85,0.673119446,1
S07-0169,38.1219,-121.8356,native SVRF,3.602157465,SacramentoValley,631.78,421.85,0.673418211,1
S09-0282,38.4191,-121.8163,native SVRF,3.715154169,SacramentoValley,631.78,421.85,0.673597066,1
S12-0285,38.1314,-121.8679,nonnative,4.108124766,SacramentoValley,631.78,421.85,0.674219071,0
S12-0286,38.1314,-121.8679,nonnative,4.108124766,SacramentoValley,631.78,421.85,0.674219071,0
S10-0509,38.5387,-121.6945,native SVRF,4.206894904,SacramentoValley,631.78,421.85,0.674375407,1
S13-1971,38.539,-121.6945,native SVRF,4.227675429,SacramentoValley,631.78,421.85,0.674408299,1
S15-0812,38.5432,-121.6948,nonnative,4.553355582,SacramentoValley,631.78,421.85,0.674923796,0
S16-1409,38.5433,-121.695,nonnative,4.573669422,SacramentoValley,631.78,421.85,0.674955949,0
S13-0915,38.5434,-121.6957,native SVRF,4.625930581,SacramentoValley,631.78,421.85,0.675038669,1
S08-0534,38.5431,-121.6961,native SVRF,4.629231737,SacramentoValley,631.78,421.85,0.675043895,1
S09-0512,38.5431,-121.6962,native SVRF,4.635704444,SacramentoValley,631.78,421.85,0.67505414,1
s09-0279,38.1333,-121.8376,native SVRF,4.670625117,SacramentoValley,631.78,421.85,0.675109413,1
S09-0042,38.5431,-121.6972,native SVRF,4.700830944,SacramentoValley,631.78,421.85,0.675157224,1
S18-1286,38.5431,-121.6975,native SVRF,4.720507776,SacramentoValley,631.78,421.85,0.675188369,1
S18-1290,38.5431,-121.6975,native SVRF,4.720507776,SacramentoValley,631.78,421.85,0.675188369,1
S16-1356,38.5431,-121.6976,nonnative,4.727080689,SacramentoValley,631.78,421.85,0.675198773,0
S15-0828,38.543,-121.698,nonnative,4.746201876,SacramentoValley,631.78,421.85,0.675229038,0
S10-0184,38.5431,-121.6994,native SVRF,4.846551622,SacramentoValley,631.78,421.85,0.675387875,1
S13-0807,38.5427,-121.7063,nonnative,5.296826371,SacramentoValley,631.78,421.85,0.676100583,0
S14-0322,38.5427,-121.7063,nonnative,5.296826371,SacramentoValley,631.78,421.85,0.676100583,0
s09-0158,38.1425,-121.8677,nonnative,5.325472578,SacramentoValley,631.78,421.85,0.676145925,0
S07-0172,38.4346,-121.8365,native SVRF,5.332768389,SacramentoValley,631.78,421.85,0.676157473,1
S08-0202,38.4348,-121.8375,native SVRF,5.363526833,SacramentoValley,631.78,421.85,0.676206159,1
S08-0325,38.5388,-121.7117,native SVRF,5.467119617,SacramentoValley,631.78,421.85,0.676370128,1
S08-0248,38.539,-121.7126,native SVRF,5.546639006,SacramentoValley,631.78,421.85,0.676495994,1
S13-2903,38.4454,-121.791,nonnative,5.625715982,SacramentoValley,631.78,421.85,0.676621159,0
S08-0199,38.5374,-121.7154,native SVRF,5.682929758,SacramentoValley,631.78,421.85,0.676711719,1
S10-0087,38.5365,-121.7178,native SVRF,5.83078154,SacramentoValley,631.78,421.85,0.676945743,1
S07-0171,38.4395,-121.8365,native SVRF,5.874626732,SacramentoValley,631.78,421.85,0.677015143,1
s11-0011,38.1489,-121.7645,native SVRF,6.390114292,SacramentoValley,631.78,421.85,0.677831071,1
S09-0024,38.4493,-121.8054,native SVRF,6.479159971,SacramentoValley,631.78,421.85,0.677972016,1
S08-0230,38.6635,-121.4808,native SVRF,6.760401816,SacramentoValley,631.78,421.85,0.678417173,1
S07-0189,38.4499,-121.8535,native SVRF,7.25402739,SacramentoValley,631.78,421.85,0.679198499,1
S13-1967,38.4518,-121.8535,native SVRF,7.460893932,SacramentoValley,631.78,421.85,0.679525933,1
S13-2889,38.4567,-121.8149,native SVRF,7.86204045,SacramentoValley,631.78,421.85,0.680160879,1
S10-0280,38.4304,-121.9091,native SVRF,7.910496984,SacramentoValley,631.78,421.85,0.680237578,1
S18-3889,38.523,-121.752,native SVRF,8.134656285,SacramentoValley,631.78,421.85,0.680592384,1
s11-0004,38.274,-121.9306,nonnative,8.19992065,SacramentoValley,631.78,421.85,0.680695686,0
S16-1603,38.5249,-121.7553,native SVRF,8.457625125,SacramentoValley,631.78,421.85,0.681103588,1
S16-1606,38.5249,-121.7553,native SVRF,8.457625125,SacramentoValley,631.78,421.85,0.681103588,1
S13-1687,38.526,-121.7572,native SVRF,8.645368326,SacramentoValley,631.78,421.85,0.681400754,1
S13-1702,38.5277,-121.7575,native SVRF,8.822533767,SacramentoValley,631.78,421.85,0.681681177,1
S13-0062,38.5223,-121.7673,native SVRF,8.859096271,SacramentoValley,631.78,421.85,0.681739049,1
S13-2382,38.5291,-121.7571,native SVRF,8.941735133,SacramentoValley,631.78,421.85,0.681869852,1
S13-2081,38.5259,-121.7613,native SVRF,8.944018429,SacramentoValley,631.78,421.85,0.681873466,1
s11-0012,38.5255,-121.7625,nonnative,8.954384197,SacramentoValley,631.78,421.85,0.681889873,0
S13-1474,38.5299,-121.7576,native SVRF,9.040578856,SacramentoValley,631.78,421.85,0.682026305,1
S17-7260,38.5234,-121.7691,native SVRF,9.046169979,SacramentoValley,631.78,421.85,0.682035155,1
S11-0222,38.5279,-121.7648,native SVRF,9.284416919,SacramentoValley,631.78,421.85,0.682412259,1
S10-0671,38.5274,-121.7673,native SVRF,9.343678114,SacramentoValley,631.78,421.85,0.682506059,1
S19-10392,38.5289,-121.7651,native SVRF,9.394297685,SacramentoValley,631.78,421.85,0.682586181,1
S10-0672,38.5292,-121.7657,native SVRF,9.448681365,SacramentoValley,631.78,421.85,0.682672261,1
S18-1403,38.5292,-121.7668,native SVRF,9.495384274,SacramentoValley,631.78,421.85,0.682746184,1
S18-1404,38.5292,-121.7668,native SVRF,9.495384274,SacramentoValley,631.78,421.85,0.682746184,1
S10-0283,38.5297,-121.7661,native SVRF,9.514128524,SacramentoValley,631.78,421.85,0.682775853,1
S16-1612,38.5307,-121.7751,native SVRF,10.01072758,SacramentoValley,631.78,421.85,0.683561885,1
S16-1613,38.5307,-121.7751,native SVRF,10.01072758,SacramentoValley,631.78,421.85,0.683561885,1
S18-2073,38.5353,-121.7677,native SVRF,10.12732192,SacramentoValley,631.78,421.85,0.683746434,1
S20-0001,38.5379,-121.7682,native SVRF,10.40324174,SacramentoValley,631.78,421.85,0.684183168,1
S09-0805,38.5435,-121.7684,native SVRF,10.81721734,SacramentoValley,631.78,421.85,0.684838421,1
S08-0162,38.4286,-121.9519,native SVRF,10.92004311,SacramentoValley,631.78,421.85,0.685001176,1
S10-0312,38.4293,-121.9517,native SVRF,10.94013679,SacramentoValley,631.78,421.85,0.685032981,1
S21-0001,38.5399,-121.7797,nonnative,11.0894107,SacramentoValley,631.78,421.85,0.685269256,0
S12-0016,38.5464,-121.7682,native SVRF,11.09134972,SacramentoValley,631.78,421.85,0.685272325,1
S16-1417,38.7016,-121.4671,native SVRF,11.11304653,SacramentoValley,631.78,421.85,0.685306668,1
S16-1418,38.7016,-121.4671,native SVRF,11.11304653,SacramentoValley,631.78,421.85,0.685306668,1
S09-0272,38.4195,-121.9635,native SVRF,11.44339348,SacramentoValley,631.78,421.85,0.685829551,1
S10-0324,38.4202,-121.9651,native SVRF,11.60140128,SacramentoValley,631.78,421.85,0.68607965,1
S10-0325,38.4202,-121.9651,native SVRF,11.60140128,SacramentoValley,631.78,421.85,0.68607965,1
S09-0422,38.4201,-121.9669,native SVRF,11.7450881,SacramentoValley,631.78,421.85,0.686307082,1
S09-0498,38.4201,-121.9669,native SVRF,11.7450881,SacramentoValley,631.78,421.85,0.686307082,1
S18-2174,38.5446,-121.7978,native SVRF,12.40450224,SacramentoValley,631.78,421.85,0.687350822,1
S10-0311,38.4572,-121.9521,native SVRF,12.69758193,SacramentoValley,631.78,421.85,0.687814717,1
S17-1465,38.5478,-121.8043,native SVRF,13.02911058,SacramentoValley,631.78,421.85,0.68833947,1
S17-1466,38.5478,-121.8043,native SVRF,13.02911058,SacramentoValley,631.78,421.85,0.68833947,1
S14-0894,38.7482,-121.3233,native SVRF,13.2308146,SacramentoValley,631.78,421.85,0.688658733,1
S08-0752,38.6416,-121.7759,native SVRF,15.0102383,SacramentoValley,631.78,421.85,0.691475258,1
S20-4941,38.5526,-121.8403,native SVRF,15.51475359,SacramentoValley,631.78,421.85,0.692273819,1
S16-1410,38.5563,-121.839,native SVRF,15.72589426,SacramentoValley,631.78,421.85,0.692608019,1
S16-1481,38.5566,-121.8387,native SVRF,15.7315996,SacramentoValley,631.78,421.85,0.69261705,1
S16-1953,38.5566,-121.8387,native SVRF,15.7315996,SacramentoValley,631.78,421.85,0.69261705,1
S16-1954,38.5566,-121.8387,native SVRF,15.7315996,SacramentoValley,631.78,421.85,0.69261705,1
S16-1593,38.5592,-121.8403,native SVRF,16.03633509,SacramentoValley,631.78,421.85,0.693099394,1
S16-1594,38.5592,-121.8403,native SVRF,16.03633509,SacramentoValley,631.78,421.85,0.693099394,1
S18-7763,38.5615,-121.8452,native SVRF,16.51647924,SacramentoValley,631.78,421.85,0.69385938,1
S13-2578,38.524,-121.9191,nonnative,16.92488753,SacramentoValley,631.78,421.85,0.694505821,0
S08-0511,38.6874,-121.7517,native SVRF,17.07978037,SacramentoValley,631.78,421.85,0.69475099,1
S07-0056,38.67,-121.78,native SVRF,17.22943642,SacramentoValley,631.78,421.85,0.69498787,1
S08-0003,38.5788,-121.8406,native SVRF,17.69018122,SacramentoValley,631.78,421.85,0.69571715,1
S19-6908,38.7526,-121.5768,native SVRF,17.99598768,SacramentoValley,631.78,421.85,0.69620119,1
S11-0346,38.692,-121.7704,nonnative,18.470708,SacramentoValley,631.78,421.85,0.696952591,0
S13-1298,38.5236,-121.958,native SVRF,18.59903789,SacramentoValley,631.78,421.85,0.697155715,1
S13-1866,38.5236,-121.958,native SVRF,18.59903789,SacramentoValley,631.78,421.85,0.697155715,1
S13-1297,38.5233,-121.9589,native SVRF,18.61472418,SacramentoValley,631.78,421.85,0.697180544,1
S13-1733,38.523,-121.96,native SVRF,18.64054233,SacramentoValley,631.78,421.85,0.69722141,1
S13-1873,38.523,-121.96,native SVRF,18.64054233,SacramentoValley,631.78,421.85,0.69722141,1
S08-0765,38.4934,-122.0028,native SVRF,18.67085524,SacramentoValley,631.78,421.85,0.69726939,1
S13-2444,38.5228,-121.9621,native SVRF,18.72533952,SacramentoValley,631.78,421.85,0.697355629,1
S13-2443,38.5228,-121.9623,native SVRF,18.73523132,SacramentoValley,631.78,421.85,0.697371286,1
s11-0010,38.536,-121.9403,native SVRF,19.00695929,SacramentoValley,631.78,421.85,0.697801385,1
S09-0816,38.5834,-121.8654,native SVRF,19.49169402,SacramentoValley,631.78,421.85,0.698568638,1
S17-1530,38.5616,-121.8558,native SVRF,19.52925904,SacramentoValley,631.78,421.85,0.698628097,1
S18-1250,38.5636,-121.8572,native SVRF,19.76371072,SacramentoValley,631.78,421.85,0.698999194,1
S18-1251,38.5636,-121.8572,native SVRF,19.76371072,SacramentoValley,631.78,421.85,0.698999194,1
S18-2128,38.5637,-121.857,native SVRF,19.77272021,SacramentoValley,631.78,421.85,0.699013454,1
S19-1769,38.5638,-121.8575,native SVRF,19.78881299,SacramentoValley,631.78,421.85,0.699038927,1
S19-1770,38.5638,-121.8575,native SVRF,19.78881299,SacramentoValley,631.78,421.85,0.699038927,1
S17-1524,38.5639,-121.8577,native SVRF,19.80188888,SacramentoValley,631.78,421.85,0.699059623,1
S07-0168,38.677,-121.83,native SVRF,21.04709978,SacramentoValley,631.78,421.85,0.70103058,1
S09-0776,38.5765,-121.8699,native SVRF,21.35720083,SacramentoValley,631.78,421.85,0.701521417,1
S18-3896,38.502,-122.0346,native SVRF,21.42536895,SacramentoValley,631.78,421.85,0.701629316,1
S18-1284,38.5024,-122.0348,native SVRF,21.46634632,SacramentoValley,631.78,421.85,0.701694176,1
S08-0112,38.6779,-121.8394,native SVRF,21.84841991,SacramentoValley,631.78,421.85,0.702298933,1
S08-0254,38.6641,-121.86,native SVRF,22.46981468,SacramentoValley,631.78,421.85,0.703282495,1
S08-0255,38.6641,-121.86,native SVRF,22.46981468,SacramentoValley,631.78,421.85,0.703282495,1
S08-0256,38.6641,-121.86,native SVRF,22.46981468,SacramentoValley,631.78,421.85,0.703282495,1
S19-5762,38.6718,-121.8581,native SVRF,22.78692668,SacramentoValley,631.78,421.85,0.703784429,1
S16-1411,38.6712,-121.8696,native SVRF,23.59429066,SacramentoValley,631.78,421.85,0.705062349,1
S16-1412,38.6712,-121.8696,native SVRF,23.59429066,SacramentoValley,631.78,421.85,0.705062349,1
S08-0084,38.6714,-121.8707,native SVRF,23.68733979,SacramentoValley,631.78,421.85,0.70520963,1
S09-0595,38.6714,-121.8707,native SVRF,23.68733979,SacramentoValley,631.78,421.85,0.70520963,1
S10-0268,38.6718,-121.8708,native SVRF,23.71814516,SacramentoValley,631.78,421.85,0.705258389,1
S10-0270,38.6718,-121.8708,native SVRF,23.71814516,SacramentoValley,631.78,421.85,0.705258389,1
S08-0026,38.7448,-121.785,native SVRF,23.98481763,SacramentoValley,631.78,421.85,0.705680486,1
S15-1696,38.8099,-121.6343,native SVRF,26.10467182,SacramentoValley,631.78,421.85,0.709035854,1
S16-1296,38.8115,-121.6348,nonnative,26.28730778,SacramentoValley,631.78,421.85,0.709324936,0
S16-0005,38.8117,-121.6348,native SVRF,26.30910483,SacramentoValley,631.78,421.85,0.709359437,1
S08-0079,38.8059,-121.7007,native SVRF,26.93092929,SacramentoValley,631.78,421.85,0.710343679,1
S10-0666,38.7021,-121.904,native SVRF,27.97851054,SacramentoValley,631.78,421.85,0.712001821,1
S08-0366,38.7008,-121.9075,native SVRF,28.14885623,SacramentoValley,631.78,421.85,0.712271449,1
s09-0912,38.8575,-121.4885,native SVRF,28.26421667,SacramentoValley,631.78,421.85,0.712454045,1
S11-0228,38.8211,-121.7142,native SVRF,28.86916186,SacramentoValley,631.78,421.85,0.71341157,1
S11-0354,38.7159,-121.906,native SVRF,29.01425168,SacramentoValley,631.78,421.85,0.713641223,1
S09-0811,38.8277,-121.7186,native SVRF,29.67951884,SacramentoValley,631.78,421.85,0.714694227,1
S15-1966,38.8954,-121.4127,native SVRF,31.09441413,SacramentoValley,631.78,421.85,0.716933765,1
S08-0761,38.8417,-121.7195,native SVRF,31.19453513,SacramentoValley,631.78,421.85,0.71709224,1
S09-0166,38.8466,-121.728,native SVRF,31.9233538,SacramentoValley,631.78,421.85,0.718245835,1
S11-0347,38.6793,-121.9492,native SVRF,34.01112048,SacramentoValley,631.78,421.85,0.721550414,1
S09-0752,38.7591,-121.9498,native SVRF,34.86905332,SacramentoValley,631.78,421.85,0.722908375,1
S08-0032,38.9992,-121.3496,nonnative,36.4849244,SacramentoValley,631.78,421.85,0.725466024,0
S08-0277,38.6833,-122.0277,native SVRF,37.03596225,SacramentoValley,631.78,421.85,0.726338223,1
S18-1501,38.6771,-122.0589,native SVRF,37.71669214,SacramentoValley,631.78,421.85,0.727415702,1
S18-1500,38.68,-122.0542,native SVRF,37.79115258,SacramentoValley,631.78,421.85,0.72753356,1
S09-0608,38.8083,-121.9399,native SVRF,37.9187617,SacramentoValley,631.78,421.85,0.727735544,1
S16-1391,38.8141,-121.9351,native SVRF,38.09950769,SacramentoValley,631.78,421.85,0.728021634,1
S16-1392,38.8145,-121.9352,native SVRF,38.13796204,SacramentoValley,631.78,421.85,0.7280825,1
S08-0085,38.815,-121.9365,native SVRF,38.25546786,SacramentoValley,631.78,421.85,0.728268492,1
S08-0086,38.815,-121.9365,native SVRF,38.25546786,SacramentoValley,631.78,421.85,0.728268492,1
S09-0126,38.815,-121.9365,native SVRF,38.25546786,SacramentoValley,631.78,421.85,0.728268492,1
S19-4934,39.006,-121.5771,native SVRF,45.34111562,SacramentoValley,631.78,421.85,0.739483864,1
S10-0295,38.76,-122.0534,native SVRF,45.61194806,SacramentoValley,631.78,421.85,0.739912546,1
S10-0191,38.7602,-122.0534,native SVRF,45.63215566,SacramentoValley,631.78,421.85,0.739944531,1
S10-0166,38.7606,-122.0545,native SVRF,45.71222224,SacramentoValley,631.78,421.85,0.740071263,1
S10-0188,38.7606,-122.0545,native SVRF,45.71222224,SacramentoValley,631.78,421.85,0.740071263,1
S10-0291,38.7603,-122.0557,native SVRF,45.72540126,SacramentoValley,631.78,421.85,0.740092123,1
S10-0334,38.9627,-121.8436,native SVRF,47.58225876,SacramentoValley,631.78,421.85,0.743031211,1
S16-0007,39.0243,-121.8172,native SVRF,53.20408492,SacramentoValley,631.78,421.85,0.751929604,1
S09-0202,38.9259,-122.0612,native SVRF,54.6423603,SacramentoValley,631.78,421.85,0.754206148,1
S10-0251,38.9259,-122.0612,native SVRF,54.6423603,SacramentoValley,631.78,421.85,0.754206148,1
S10-0252,38.9259,-122.0612,native SVRF,54.6423603,SacramentoValley,631.78,421.85,0.754206148,1
S19-1799,39.0974,-121.6339,native SVRF,56.28797839,SacramentoValley,631.78,421.85,0.756810881,1
S09-0221,39.0705,-121.8844,native SVRF,59.99701944,SacramentoValley,631.78,421.85,0.76268166,1
S10-0260,39.0705,-121.8844,native SVRF,59.99701944,SacramentoValley,631.78,421.85,0.76268166,1
S10-0261,39.0705,-121.8844,native SVRF,59.99701944,SacramentoValley,631.78,421.85,0.76268166,1
S13-0338,39.0705,-121.8844,native SVRF,59.99701944,SacramentoValley,631.78,421.85,0.76268166,1
S09-0325,39.0718,-121.8894,native SVRF,60.29157595,SacramentoValley,631.78,421.85,0.763147893,1
S15-0888,38.9707,-122.1005,native SVRF,60.61655576,SacramentoValley,631.78,421.85,0.763662281,1
S15-0889,38.9707,-122.1005,native SVRF,60.61655576,SacramentoValley,631.78,421.85,0.763662281,1
S16-1496,38.9707,-122.1005,native SVRF,60.61655576,SacramentoValley,631.78,421.85,0.763662281,1
S16-1497,38.9707,-122.1005,native SVRF,60.61655576,SacramentoValley,631.78,421.85,0.763662281,1
S17-2547,39.0792,-121.8955,native SVRF,61.25112414,SacramentoValley,631.78,421.85,0.764666694,1
S14-2908,39.1409,-121.8419,native SVRF,66.05277039,SacramentoValley,631.78,421.85,0.772266881,1
S09-0034,39.1571,-121.7649,native SVRF,66.20858555,SacramentoValley,631.78,421.85,0.77251351,1
S12-0188,39.1675,-121.7351,native SVRF,66.91621252,SacramentoValley,631.78,421.85,0.773633563,1
s10-1086,39.145,-121.9082,native SVRF,68.45386495,SacramentoValley,631.78,421.85,0.776067405,1
S09-0155,39.2325,-121.6793,native SVRF,71.77233123,SacramentoValley,631.78,421.85,0.781319971,1
S16-1654,39.2325,-121.6793,native SVRF,71.77233123,SacramentoValley,631.78,421.85,0.781319971,1
S16-1655,39.2325,-121.6793,native SVRF,71.77233123,SacramentoValley,631.78,421.85,0.781319971,1
S11-0225,39.1746,-121.9387,native SVRF,72.47113087,SacramentoValley,631.78,421.85,0.782426052,1
S11-0226,39.1746,-121.9387,native SVRF,72.47113087,SacramentoValley,631.78,421.85,0.782426052,1
S10-0664,39.1396,-122.1439,native SVRF,77.71422248,SacramentoValley,631.78,421.85,0.790724971,1
S09-0798,39.1387,-122.1457,native SVRF,77.72056015,SacramentoValley,631.78,421.85,0.790735003,1
S17-2079,39.1396,-122.1756,native SVRF,79.30286808,SacramentoValley,631.78,421.85,0.793239527,1
S17-2080,39.1396,-122.1756,native SVRF,79.30286808,SacramentoValley,631.78,421.85,0.793239527,1
S09-0761,39.15,-122.1645,native SVRF,79.68003339,SacramentoValley,631.78,421.85,0.793836515,1
S15-0823,39.2201,-122.0169,native SVRF,79.78787103,SacramentoValley,631.78,421.85,0.794007203,1
S16-1405,39.2201,-122.0169,native SVRF,79.78787103,SacramentoValley,631.78,421.85,0.794007203,1
S17-2573,39.2203,-122.0164,native SVRF,79.78981215,SacramentoValley,631.78,421.85,0.794010276,1
S14-2255,39.2202,-122.0167,native SVRF,79.79065747,SacramentoValley,631.78,421.85,0.794011614,1
S14-2256,39.2203,-122.0166,native SVRF,79.79708695,SacramentoValley,631.78,421.85,0.794021791,1
S17-2574,39.2204,-122.0165,native SVRF,79.8035184,SacramentoValley,631.78,421.85,0.794031971,1
S15-0826,39.2206,-122.0174,native SVRF,79.85641324,SacramentoValley,631.78,421.85,0.794115694,1
S16-1385,39.2206,-122.0175,native SVRF,79.86005663,SacramentoValley,631.78,421.85,0.794121461,1
S16-6031,39.1681,-122.1509,native SVRF,80.67268931,SacramentoValley,631.78,421.85,0.79540772,1
S14-2922,39.2368,-121.9944,native SVRF,80.69019193,SacramentoValley,631.78,421.85,0.795435424,1
S15-1608,39.2305,-122.0231,native SVRF,81.06056113,SacramentoValley,631.78,421.85,0.796021655,1
S15-0553,39.3393,-121.6856,native SVRF,83.41701192,SacramentoValley,631.78,421.85,0.799751515,1
S16-0036,39.1888,-122.1685,native SVRF,83.42839905,SacramentoValley,631.78,421.85,0.799769539,1
S13-3555,39.4512,-121.6536,native SVRF,95.20237869,SacramentoValley,631.78,421.85,0.81840574,1
S13-3557,39.4517,-121.6494,native SVRF,95.20678973,SacramentoValley,631.78,421.85,0.818412722,1
S15-0002,39.3777,-122.0201,native SVRF,96.03435324,SacramentoValley,631.78,421.85,0.819722614,1
S18-2042,39.4731,-121.6087,native SVRF,97.15197274,SacramentoValley,631.78,421.85,0.821491615,1
S18-2199,39.3828,-122.1928,native SVRF,102.7528034,SacramentoValley,631.78,421.85,0.830356775,1
S18-2198,39.383,-122.1928,native SVRF,102.7723241,SacramentoValley,631.78,421.85,0.830387673,1
S18-2202,39.4601,-121.9927,native SVRF,103.902638,SacramentoValley,631.78,421.85,0.832176767,1
S17-7259,39.4254,-122.1924,native SVRF,106.9186024,SacramentoValley,631.78,421.85,0.836950525,1
S18-2200,39.4278,-122.1925,native SVRF,107.1595086,SacramentoValley,631.78,421.85,0.837331838,1
S18-2201,39.4296,-122.1927,native SVRF,107.3451768,SacramentoValley,631.78,421.85,0.837625719,1
S17-2549,39.4298,-122.1928,native SVRF,107.3688643,SacramentoValley,631.78,421.85,0.837663212,1
S17-2550,39.4298,-122.1929,native SVRF,107.3727919,SacramentoValley,631.78,421.85,0.837669429,1
S17-7258,39.495,-122.1932,native SVRF,113.873414,SacramentoValley,631.78,421.85,0.847958805,1
S14-0323,39.6038,-121.7841,native SVRF,113.971557,SacramentoValley,631.78,421.85,0.848114149,1
S15-3137,39.4989,-122.199,native SVRF,114.4792907,SacramentoValley,631.78,421.85,0.848917805,1
S16-1355,39.5509,-122.0348,native SVRF,114.6078996,SacramentoValley,631.78,421.85,0.849121371,1
S09-0392,39.5543,-122.084,native SVRF,116.3328119,SacramentoValley,631.78,421.85,0.851851613,1
S14-0892,39.5242,-122.193,native SVRF,116.8008423,SacramentoValley,631.78,421.85,0.852592425,1
S13-2547,39.5531,-122.1092,native SVRF,116.9616006,SacramentoValley,631.78,421.85,0.852846878,1
S10-0475,39.5824,-122.0275,native SVRF,117.606972,SacramentoValley,631.78,421.85,0.853868391,1
S09-0102,39.534,-122.1898,native SVRF,117.6752751,SacramentoValley,631.78,421.85,0.853976503,1
S09-0486,39.5537,-122.1369,native SVRF,117.8933024,SacramentoValley,631.78,421.85,0.854321603,1
S09-0111,39.5697,-122.0831,native SVRF,117.9166287,SacramentoValley,631.78,421.85,0.854358525,1
S09-0273,39.5462,-122.165,native SVRF,118.0525772,SacramentoValley,631.78,421.85,0.854573708,1
S10-0170,39.5824,-122.04,native SVRF,118.0751647,SacramentoValley,631.78,421.85,0.85460946,1
S09-0232,39.5335,-122.2028,native SVRF,118.0920655,SacramentoValley,631.78,421.85,0.854636211,1
S10-0265,39.5335,-122.2028,native SVRF,118.0920655,SacramentoValley,631.78,421.85,0.854636211,1
S10-0453,39.5732,-122.0849,native SVRF,118.3345694,SacramentoValley,631.78,421.85,0.855020053,1
S16-1381,39.6467,-121.7875,native SVRF,118.6898897,SacramentoValley,631.78,421.85,0.855582465,1
S09-0357,39.5763,-122.0931,native SVRF,118.895835,SacramentoValley,631.78,421.85,0.855908441,1
S15-0931,39.6508,-121.7899,nonnative,119.1779155,SacramentoValley,631.78,421.85,0.856354927,0
S16-1382,39.6513,-121.7904,native SVRF,119.241137,SacramentoValley,631.78,421.85,0.856454995,1
S15-0830,39.6522,-121.79,nonnative,119.331749,SacramentoValley,631.78,421.85,0.856598419,0
S16-1645,39.5828,-122.0968,native SVRF,119.6825425,SacramentoValley,631.78,421.85,0.857153665,1
S16-1646,39.5828,-122.0968,native SVRF,119.6825425,SacramentoValley,631.78,421.85,0.857153665,1
S16-1633,39.5829,-122.0981,native SVRF,119.7309252,SacramentoValley,631.78,421.85,0.857230247,1
S17-2548,39.6317,-121.9099,nonnative,120.3325673,SacramentoValley,631.78,421.85,0.858182544,0
S15-0815,39.6743,-121.7799,native SVRF,121.4803256,SacramentoValley,631.78,421.85,0.859999249,1
S16-1340,39.5932,-122.1934,native SVRF,123.8104435,SacramentoValley,631.78,421.85,0.863687428,1
S10-0281,39.6856,-122.2049,native SVRF,133.6587595,SacramentoValley,631.78,421.85,0.879275633,1
S15-0819,39.7342,-122.1593,native SVRF,137.3162589,SacramentoValley,631.78,421.85,0.885064831,1
S15-0028,39.7792,-122.0628,nonnative,139.4062862,SacramentoValley,631.78,421.85,0.888372988,0
S10-0200,39.8112,-121.9351,native SVRF,140.2898463,SacramentoValley,631.78,421.85,0.889771513,1
S10-0201,39.8112,-121.9351,native SVRF,140.2898463,SacramentoValley,631.78,421.85,0.889771513,1
S10-0481,39.8122,-121.9623,native SVRF,140.8698141,SacramentoValley,631.78,421.85,0.890689503,1
S10-0483,39.8122,-121.9623,native SVRF,140.8698141,SacramentoValley,631.78,421.85,0.890689503,1
S09-0809,39.762,-122.2348,native SVRF,142.4864024,SacramentoValley,631.78,421.85,0.893248286,1
S10-0348,39.7695,-122.2354,native SVRF,143.2794507,SacramentoValley,631.78,421.85,0.894503547,1
S10-0349,39.7695,-122.2354,native SVRF,143.2794507,SacramentoValley,631.78,421.85,0.894503547,1
S18-2044,39.8528,-121.9193,nonnative,144.5752358,SacramentoValley,631.78,421.85,0.896554554,0
S09-0614,39.7894,-122.2299,native SVRF,145.1662885,SacramentoValley,631.78,421.85,0.897490089,1
S15-1661,39.8661,-122.0782,native SVRF,149.0513076,SacramentoValley,631.78,421.85,0.903639412,1
S09-0255,39.8711,-122.1724,native SVRF,152.06561,SacramentoValley,631.78,421.85,0.908410538,1
S09-0256,39.8711,-122.1724,native SVRF,152.06561,SacramentoValley,631.78,421.85,0.908410538,1
S10-0209,39.8711,-122.1724,native SVRF,152.06561,SacramentoValley,631.78,421.85,0.908410538,1
S10-0210,39.8711,-122.1724,native SVRF,152.06561,SacramentoValley,631.78,421.85,0.908410538,1
S15-0038,39.8823,-122.1918,native SVRF,153.7676214,SacramentoValley,631.78,421.85,0.911104532,1
S16-1309,39.9289,-122.1362,native SVRF,157.1221127,SacramentoValley,631.78,421.85,0.91641412,1
S10-0120,39.9626,-122.1606,native SVRF,161.3059094,SacramentoValley,631.78,421.85,0.923036357,1
S10-0121,39.9626,-122.1606,native SVRF,161.3059094,SacramentoValley,631.78,421.85,0.923036357,1
S18-2043,39.9569,-122.1975,native SVRF,161.7903104,SacramentoValley,631.78,421.85,0.923803081,1
S15-0031,39.9832,-122.159,nonnative,163.4565402,SacramentoValley,631.78,421.85,0.926440438,0
S14-2257,39.9838,-122.1619,nonnative,163.5914031,SacramentoValley,631.78,421.85,0.926653903,0
S08-0763,39.9766,-122.2023,native SVRF,163.9986865,SacramentoValley,631.78,421.85,0.927298564,1
S15-1979,40.0051,-122.1399,nonnative,165.3354346,SacramentoValley,631.78,421.85,0.929414408,0
S16-0001,40.0128,-122.1448,nonnative,166.2722025,SacramentoValley,631.78,421.85,0.930897152,0
S15-1981,40.0132,-122.1454,nonnative,166.3289516,SacramentoValley,631.78,421.85,0.930986976,0
S09-0375,40.0676,-122.1749,native SVRF,172.8298251,SacramentoValley,631.78,421.85,0.94127675,1
S17-1551,40.0781,-122.1676,native SVRF,173.7784967,SacramentoValley,631.78,421.85,0.942778335,1
S15-0197,40.0996,-122.1511,native SVRF,175.7016013,SacramentoValley,631.78,421.85,0.945822282,1
S07-0166,40.0845,-122.2296,native SVRF,175.9778505,SacramentoValley,631.78,421.85,0.946259537,1
S15-1976,40.1093,-122.1633,native SVRF,177.0153043,SacramentoValley,631.78,421.85,0.94790165,1
S16-1303,40.1372,-122.1905,nonnative,180.6245799,SacramentoValley,631.78,421.85,0.953614518,0
S12-0677,40.1691,-122.1215,native SVRF,182.5419859,SacramentoValley,631.78,421.85,0.956649444,1
S18-2045,40.1724,-122.2609,native SVRF,186.0888337,SacramentoValley,631.78,421.85,0.9622635,1
S18-2046,40.1892,-122.197,native SVRF,186.3320512,SacramentoValley,631.78,421.85,0.962648471,1
S09-0779,40.3356,-122.3645,native SVRF,206.1787743,SacramentoValley,631.78,421.85,0.994062449,1
S10-0110,40.3357,-122.366,native SVRF,206.2288978,SacramentoValley,631.78,421.85,0.994141786,1
S09-0268,40.3438,-122.3546,native SVRF,206.7864034,SacramentoValley,631.78,421.85,0.995024223,1
S08-0301,40.3667,-122.285,nonnative,207.3376287,SacramentoValley,631.78,421.85,0.995896718,0
S09-0261,40.3532,-122.3436,native SVRF,207.3513978,SacramentoValley,631.78,421.85,0.995918513,1
S18-1389,40.3896,-122.179,nonnative,207.4887539,SacramentoValley,631.78,421.85,0.996135924,0
S18-1388,40.39,-122.178,native SVRF,207.5121063,SacramentoValley,631.78,421.85,0.996172887,1
S13-3026,40.3903,-122.2233,nonnative,208.4765286,SacramentoValley,631.78,421.85,0.997699403,0
S12-0817,40.3827,-122.3219,native SVRF,209.9325041,SacramentoValley,631.78,421.85,0.99999999,1
S13-1857,38.4322,-121.6982,native SVRF,1.128292921,SanJoaquinValley,631.78,421.85,0.665930715,1
S13-0612,38.6397,-121.1559,nonnative,3.443282932,SanJoaquinValley,631.78,421.85,0.662266481,0
S16-6030,38.5473,-121.5132,nonnative,4.315845057,SanJoaquinValley,631.78,421.85,0.660885363,0
MAM-1974,38.58,-121.26,nonnative,4.971478182,SanJoaquinValley,631.78,421.85,0.659847608,0
S10-0513,38.4981,-121.4468,nonnative,7.373785927,SanJoaquinValley,631.78,421.85,0.656045165,0
MAM-2703,38.52,-121.5,nonnative,7.399962412,SanJoaquinValley,631.78,421.85,0.656003732,0
MAM-2705,38.52,-121.48,nonnative,7.722779387,SanJoaquinValley,631.78,421.85,0.655492767,0
S21-2032,38.4816,-121.5504,nonnative,8.504555724,SanJoaquinValley,631.78,421.85,0.654255349,0
MAM-2706,38.5,-121.48,nonnative,8.805751357,SanJoaquinValley,631.78,421.85,0.653778607,0
MAM-2704,38.5,-121.5,nonnative,9.60644804,SanJoaquinValley,631.78,421.85,0.652511241,0
MAM-1938,38.47,-121.24,nonnative,14.39267639,SanJoaquinValley,631.78,421.85,0.644935458,0
S16-1429,38.4312,-121.2892,nonnative,16.82783916,SanJoaquinValley,631.78,421.85,0.641081011,0
S16-1430,38.4312,-121.2892,nonnative,16.82783916,SanJoaquinValley,631.78,421.85,0.641081011,0
S18-3899,38.4907,-121.1617,nonnative,17.16123391,SanJoaquinValley,631.78,421.85,0.640553304,0
MAM-1937,38.41,-121.36,nonnative,17.16631619,SanJoaquinValley,631.78,421.85,0.640545259,0
S08-0241,38.4512,-121.1819,nonnative,20.57343177,SanJoaquinValley,631.78,421.85,0.635152376,0
S09-0438,38.4512,-121.1819,nonnative,20.57343177,SanJoaquinValley,631.78,421.85,0.635152376,0
S10-0697,38.4514,-121.1807,nonnative,20.57539698,SanJoaquinValley,631.78,421.85,0.635149266,0
s09-0280,38.3869,-121.2239,nonnative,23.24883415,SanJoaquinValley,631.78,421.85,0.63091767,0
s09-0440,38.3869,-121.2239,nonnative,23.24883415,SanJoaquinValley,631.78,421.85,0.63091767,0
S08-0239,38.3812,-121.2193,nonnative,23.98852552,SanJoaquinValley,631.78,421.85,0.629746865,0
S09-0433,38.3809,-121.2193,nonnative,24.01912548,SanJoaquinValley,631.78,421.85,0.629698431,0
S09-0434,38.3809,-121.2193,nonnative,24.01912548,SanJoaquinValley,631.78,421.85,0.629698431,0
S09-0436,38.3809,-121.2193,nonnative,24.01912548,SanJoaquinValley,631.78,421.85,0.629698431,0
S08-0234,38.3808,-121.2193,nonnative,24.02932706,SanJoaquinValley,631.78,421.85,0.629682283,0
S08-0235,38.3808,-121.2193,nonnative,24.02932706,SanJoaquinValley,631.78,421.85,0.629682283,0
S09-0781,38.333,-121.1568,nonnative,31.19585725,SanJoaquinValley,631.78,421.85,0.618338888,0
S09-0782,38.333,-121.1568,nonnative,31.19585725,SanJoaquinValley,631.78,421.85,0.618338888,0
S09-0785,38.333,-121.1568,nonnative,31.19585725,SanJoaquinValley,631.78,421.85,0.618338888,0
S09-0786,38.333,-121.1568,nonnative,31.19585725,SanJoaquinValley,631.78,421.85,0.618338888,0
S09-0788,38.333,-121.1568,nonnative,31.19585725,SanJoaquinValley,631.78,421.85,0.618338888,0
S09-0789,38.333,-121.1568,nonnative,31.19585725,SanJoaquinValley,631.78,421.85,0.618338888,0
S09-0790,38.333,-121.1568,nonnative,31.19585725,SanJoaquinValley,631.78,421.85,0.618338888,0
S09-0791,38.333,-121.1568,nonnative,31.19585725,SanJoaquinValley,631.78,421.85,0.618338888,0
S10-0690,38.333,-121.1564,nonnative,31.21259463,SanJoaquinValley,631.78,421.85,0.618312396,0
S10-0701,38.333,-121.1564,nonnative,31.21259463,SanJoaquinValley,631.78,421.85,0.618312396,0
S10-0568,38.2656,-121.3117,nonnative,33.96425185,SanJoaquinValley,631.78,421.85,0.613956992,0
S11-0227,38.4509,-120.919,nonnative,34.01304989,SanJoaquinValley,631.78,421.85,0.613879753,0
S14-0843,38.0567,-121.3031,nonnative,35.31845017,SanJoaquinValley,631.78,421.85,0.611813527,0
S16-1301,38.491,-120.8321,nonnative,35.77170421,SanJoaquinValley,631.78,421.85,0.611096103,0
REJ-1624,37.95,-121.29,nonnative,41.10274214,SanJoaquinValley,631.78,421.85,0.602657979,0
S14-0842,38.2225,-121.1474,nonnative,42.67303588,SanJoaquinValley,631.78,421.85,0.600172472,0
S18-7596,38.2042,-121.1832,nonnative,43.55873148,SanJoaquinValley,631.78,421.85,0.598770567,0
S08-0455,38.3474,-120.7731,nonnative,50.86882516,SanJoaquinValley,631.78,421.85,0.587199935,0
S20-1520,38.1742,-120.8369,nonnative,60.9672911,SanJoaquinValley,631.78,421.85,0.571215785,0
S15-0033,38.235,-120.5385,nonnative,73.93099177,SanJoaquinValley,631.78,421.85,0.550696458,0
EV40,37.152,-120.24,nonnative,168.183152,SanJoaquinValley,631.78,421.85,0.401511362,0
S13-2580,36.604,-120.579,nonnative,194.6644689,SanJoaquinValley,631.78,421.85,0.359595953,0
EV37,36.965,-120.03,nonnative,195.8904867,SanJoaquinValley,631.78,421.85,0.357655376,0
EV38,36.96,-120.03,nonnative,196.2586925,SanJoaquinValley,631.78,421.85,0.357072569,0
MAM-2076,36.93,-120.06,nonnative,196.5188437,SanJoaquinValley,631.78,421.85,0.356660794,0
FRC-027,36.8765,-119.7935,nonnative,231.9570085,SanJoaquinValley,631.78,421.85,0.300568222,0
FRC-087,36.3102,-119.5738,nonnative,276.0075042,SanJoaquinValley,631.78,421.85,0.2308438,0
MAM-2794,35.6142,-119.8668,nonnative,321.8388283,SanJoaquinValley,631.78,421.85,0.15830063,0
ESRP-5954,35.5387,-119.1861,nonnative,363.7165361,SanJoaquinValley,631.78,421.85,0.09201536,0
S14-0879,35.4707,-119.2611,nonnative,365.682886,SanJoaquinValley,631.78,421.85,0.088902963,0
FRC-061,35.2643,-119.4815,nonnative,373.1596006,SanJoaquinValley,631.78,421.85,0.077068599,0
S14-0851,35.4263,-119.1276,nonnative,376.8549935,SanJoaquinValley,631.78,421.85,0.071219422,0
ESRP-R005,35.4618,-119.0351,nonnative,378.8690691,SanJoaquinValley,631.78,421.85,0.068031484,0
ESRP-R011,35.4651,-119.0176,nonnative,379.5695952,SanJoaquinValley,631.78,421.85,0.06692267,0
ESRP-R003,35.4287,-119.0371,nonnative,381.6451576,SanJoaquinValley,631.78,421.85,0.063637409,0
V01-0197,35.459,-118.9737,nonnative,382.5905045,SanJoaquinValley,631.78,421.85,0.062141086,0
ESRP-R010,35.4434,-118.969,nonnative,384.2060066,SanJoaquinValley,631.78,421.85,0.059584022,0
MAM-2793,35.4077,-119.0128,nonnative,384.8397778,SanJoaquinValley,631.78,421.85,0.05858087,0
S14-0845,35.3554,-119.0558,nonnative,387.0631341,SanJoaquinValley,631.78,421.85,0.055061676,0
S14-0863,35.3157,-119.0924,nonnative,388.6102291,SanJoaquinValley,631.78,421.85,0.052612889,0
ESRP-R004,35.3749,-118.9868,nonnative,389.161966,SanJoaquinValley,631.78,421.85,0.051739583,0
ESRP-R008,35.3596,-118.9867,nonnative,390.5079623,SanJoaquinValley,631.78,421.85,0.049609101,0
S14-0848,35.3677,-118.9538,nonnative,391.6393849,SanJoaquinValley,631.78,421.85,0.047818252,0
S14-0844,35.333,-118.995,nonnative,392.385875,SanJoaquinValley,631.78,421.85,0.046636685,0
V02-1003,35.3228,-119.0043,nonnative,392.7729669,SanJoaquinValley,631.78,421.85,0.046023985,0
ESRP-R009,35.3019,-119.0238,nonnative,393.5559388,SanJoaquinValley,631.78,421.85,0.044784674,0
acvc-98-02,35.2885,-118.9874,nonnative,396.7343328,SanJoaquinValley,631.78,421.85,0.039753818,0
ESRP-R006,35.0783,-119.024,nonnative,413.3470056,SanJoaquinValley,631.78,421.85,0.01345879,0
ESRP-R007,35.0107,-118.979,nonnative,421.8469901,SanJoaquinValley,631.78,421.85,4.76E-06,0